{
    "counter": {
        "ACTIVE": 18817,
        "INACTIVE": 2183,
        "INVALID": 0,
        "MALICIOUS": 0,
        "SANE": 0,
        "VALID": 0,
        "total": 21000
    },
    "percentage": {
        "ACTIVE": 89.6047619047619,
        "INACTIVE": 10.398704330014766,
        "INVALID": 0,
        "MALICIOUS": 0,
        "SANE": 0,
        "VALID": 0,
        "total": 100.00346623477667
    }
}