{
    "counter": {
        "ACTIVE": 17876,
        "INACTIVE": 3122,
        "INVALID": 2,
        "MALICIOUS": 0,
        "SANE": 0,
        "VALID": 0,
        "total": 21000
    },
    "percentage": {
        "ACTIVE": 85.12380952380953,
        "INACTIVE": 14.880838894184938,
        "INVALID": 0.009896580731357315,
        "MALICIOUS": 0,
        "SANE": 0,
        "VALID": 0,
        "total": 100.01454499872581
    }
}