{
    "counter": {
        "ACTIVE": 18986,
        "INACTIVE": 2014,
        "INVALID": 0,
        "MALICIOUS": 0,
        "SANE": 0,
        "VALID": 0,
        "total": 21000
    },
    "percentage": {
        "ACTIVE": 90.4095238095238,
        "INACTIVE": 9.599618684461392,
        "INVALID": 0,
        "MALICIOUS": 0,
        "SANE": 0,
        "VALID": 0,
        "total": 100.0091424939852
    }
}