{
    "counter": {
        "ACTIVE": 19249,
        "INACTIVE": 1751,
        "INVALID": 0,
        "MALICIOUS": 0,
        "SANE": 0,
        "VALID": 0,
        "total": 21000
    },
    "percentage": {
        "ACTIVE": 91.66190476190476,
        "INACTIVE": 8.354007633587786,
        "INVALID": 0,
        "MALICIOUS": 0,
        "SANE": 0,
        "VALID": 0,
        "total": 100.01591239549255
    }
}