{
    "counter": {
        "ACTIVE": 16069,
        "INACTIVE": 4930,
        "INVALID": 1,
        "MALICIOUS": 0,
        "SANE": 0,
        "VALID": 0,
        "total": 21000
    },
    "percentage": {
        "ACTIVE": 76.51904761904763,
        "INACTIVE": 23.481781376518217,
        "INVALID": 0.01998800719568259,
        "MALICIOUS": 0,
        "SANE": 0,
        "VALID": 0,
        "total": 100.02081700276152
    }
}