{
    "counter": {
        "ACTIVE": 19622,
        "INACTIVE": 1378,
        "INVALID": 0,
        "MALICIOUS": 0,
        "SANE": 0,
        "VALID": 0,
        "total": 21000
    },
    "percentage": {
        "ACTIVE": 93.43809523809524,
        "INACTIVE": 6.565656565656566,
        "INVALID": 0,
        "MALICIOUS": 0,
        "SANE": 0,
        "VALID": 0,
        "total": 100.00375180375181
    }
}