{
    "counter": {
        "ACTIVE": 18533,
        "INACTIVE": 2467,
        "INVALID": 0,
        "MALICIOUS": 0,
        "SANE": 0,
        "VALID": 0,
        "total": 21000
    },
    "percentage": {
        "ACTIVE": 88.25238095238095,
        "INACTIVE": 11.751536226361168,
        "INVALID": 0,
        "MALICIOUS": 0,
        "SANE": 0,
        "VALID": 0,
        "total": 100.00391717874211
    }
}